order_id,customer_name,signup_date,order_date,country_name,amount_usd,quantity,status,loyalty_tier
1093,Arjun Sharma,2025-06-13,2024-07-14,Australia,$124.47,7,delivered,bronze
1050,Oscar Clarke,2024-08-30,2024-06-15,United States,$441.30,1,pending,silver
1057,ETHAN CLARKE,2025-08-13,2024-07-13,India,$26.97,7,shipped,gold
1070,Oscar Smith,2025-05-01,2025-04-05,India,$377.13,-5,delivered,bronze
1130,Aarav Singh,2025-04-29,2025-01-25,United Kingdom,$494.26,3,delivered,silver
1008,Liam Singh,2024-12-29,2024-08-02,India,$352.40,2,pending,gold
1094,Arjun Evans,2024-09-03,2025-05-02,United Kingdom,$226.85,1,shipped,bronze
1131,Aarav Smith,2025-05-29,2024-12-05,Australia,$437.72,8,shipped,silver
1037,Zoe Taylor,10 Feb 2024,2024-03-24,United Kingdom,$330.40,10,cancelled,gold
1107,Kabir Patel,04 Aug 2024,2024-09-27,Australia,$82.74,3,shipped,bronze
1067,Kabir Wilson,2024-08-12,2024-06-29,Canada,$234.95,9,pending,silver
1004,Maya Nguyen,2025-01-24,2024-04-09,India,$424.51,10,cancelled,gold
1002,Arjun Patel,2025-07-12,2025-03-05,United States,$227.36,5,shipped,bronze
1059,Lucas Khan,2024-05-07,2024-11-03,Canada,$158.10,7,cancelled,silver
1030,Sofia Khan,2024-03-18,2025-03-29,Canada,$53.46,9,shipped,gold
1087,Arjun Jones,2024-12-15,2024-01-13,United Kingdom,$412.05,2,delivered,bronze
1113,Oscar Wilson,2024-11-26,2024-09-13,Australia,$50.21,10,shipped,silver
1074,AARAV PATEL,2025-03-06,2025-02-02,Canada,$473.30,1,delivered,gold
1060,Ethan Gupta,2024-10-29,2025-07-21,United States,$99.96,7,pending,bronze
1012,Liam Brown,2024-05-22,2024-09-09,Canada,$271.79,10,delivered,silver
1128,Chloe Kumar,2025-05-10,2024-12-19,India,N/A,9,delivered,gold
1001,Zoe Wilson,2024-02-02,2024-01-31,Australia,$113.23,9,shipped,bronze
1072,Priya Singh,2025-07-07,2024-03-23,United States,$79.66,7,pending,silver
1040,Maya Kumar,2024-08-06,2025-06-02,India,$70.57,6,shipped,gold
1016,Lucas Clarke,2025-07-03,2024-09-30,India,$60.22,7,pending,bronze
1120,Zoe Evans,2025-05-25,2025-03-28,Australia,$105.76,9,pending,silver
1069,Kabir Clarke,2025-03-29,2025-05-31,United Kingdom,$416.13,9,delivered,gold
1056,Maya Taylor,2025-03-20,2024-12-19,India,$221.01,9,shipped,bronze
1062,Sofia Wilson,2025-08-16,2024-11-25,United Kingdom,$223.68,4,delivered,silver
1101,Isla Smith,2025-05-17,2024-04-15,Australia,$289.16,8,delivered,gold
1135,Zoe Nguyen,2024-08-28,2024-10-21,United States,$374.65,7,shipped,bronze
1041,Oscar Patel,2025-01-13,2024-10-18,United States,$221.90,9,cancelled,silver
1022,Sofia Clarke,06 Jul 2025,2024-07-24,India,$202.50,6,delivered,gold
1007,Kabir Brown,2024-03-22,2024-08-26,Australia,$193.16,8,cancelled,bronze
1032,Oscar Sharma,2024-06-17,2025-01-23,AUS,$492.73,5,delivered,silver
1098,Sofia Patel,2025-05-10,2024-10-10,Canada,$488.42,9,cancelled,gold
1126,Ruby Nguyen,2024-10-09,2025-02-28,india,$467.45,9,cancelled,bronze
1026,Sofia Kumar,2024-05-15,2025-08-07,Canada,$238.97,8,delivered,silver
1063,Kabir Clarke,2024-06-22,2024-03-27,India,$260.15,10,cancelled,gold
1090,  priya khan  ,2024-09-08,2024-03-29,India,$441.41,4,delivered,bronze
1031,Maya Clarke,2024-08-30,2024-06-19,United Kingdom,$245.39,4,delivered,silver
1066,Isla Gupta,2025-01-28,2025-05-21,United Kingdom,$125.77,1,shipped,gold
1125,Sofia Lee,2025-07-18,2024-05-28,U.K.,$99.35,10,pending,bronze
1091,Zoe Taylor,2025-01-23,2024-12-10,Australia,,6,pending,silver
1135,Zoe Nguyen,2024-08-28,2024-10-21,United States,$374.65,7,shipped,gold
1104,Liam Evans,2025-07-30,2024-11-07,Australia,$496.99,2,delivered,bronze
1079,Priya Patel,2025-04-10,2024-11-30,India,$381.81,7,cancelled,silver
1119,LUCAS KHAN,2025-07-09,2025-04-18,United Kingdom,$31.83,9,cancelled,gold
1146,Zoe Singh,2024-05-14,2024-04-02,India,,7,pending,bronze
1139,Zoe Jones,2024-09-03,2025-05-24,Canada,$75.84,8,cancelled,silver
1100,Isla Kumar,09 May 2024,2024-10-07,Australia,$487.28,9,cancelled,gold
1009,Arjun Gupta,2024-09-07,2024-06-16,United Kingdom,$192.83,9,pending,bronze
1068,Oscar Khan,2024-05-04,2025-04-12,United States,$401.70,9,cancelled,silver
1005,Kabir Sharma,2025-04-15,2025-07-03,Australia,,7,shipped,gold
1038,Oscar Brown,2024-07-28,2024-11-17,United States,$136.48,3,cancelled,bronze
1131,Aarav Smith,2025-05-29,2024-12-05,Australia,$437.72,8,shipped,silver
1049,Sofia Jones,2024-09-12,2024-04-15,India,$391.16,7,pending,gold
1020,Aarav Patel,2025/08/03,2024-03-21,Australia,$367.29,2,pending,bronze
1046,Liam Gupta,2025-03-28,2025-07-18,United Kingdom,$282.65,2,shipped,silver
1145,Zoe Brown,2024/05/20,2024-04-09,Australia,$157.92,8,shipped,gold
1112,Isla Wilson,2024-10-05,2025-05-27,Canada,$249.43,2,shipped,bronze
1010,Lucas Singh,2024-02-27,2024-08-22,Australia,$403.50,7,cancelled,silver
1133,Chloe Evans,2024-09-28,2024-12-12,Canada,$347.89,2,cancelled,gold
1149,Liam Evans,2024-08-19,2025-02-10,Canada,$186.06,7,shipped,bronze
1053,Noah Khan,2024-08-21,2024-08-16,Australia,$331.72,7,cancelled,silver
1048,Ethan Smith,2024-02-12,2024-11-11,india,$450.00,1,cancelled,gold
1103,Ruby Nguyen,2025-02-14,2025-05-18,AUS,$290.63,1,pending,bronze
1011,Maya Patel,2025-08-03,2024-11-18,United States,$329.44,7,delivered,silver
1140,  chloe brown  ,2024-01-10,2025-04-21,India,$340.42,3,shipped,gold
1072,Priya Singh,2025-07-07,2024-03-23,United States,$79.66,7,pending,bronze
1008,Liam Singh,2024-12-29,2024-08-02,India,$352.40,2,pending,silver
1051,Isla Clarke,2024-12-06,2025-02-25,United States,$137.07,-2,delivered,gold
1018,Ruby Jones,2025-06-03,2024-07-22,United States,$190.09,3,shipped,bronze
1088,Priya Jones,2025-04-15,2024-06-05,United Kingdom,$92.19,9,cancelled,silver
1000,Lucas Nguyen,2024-01-26,2024-10-08,United States,N/A,2,shipped,gold
1097,Noah Brown,2024-08-24,2024-05-03,United States,$161.20,9,pending,bronze
1043,  noah nguyen  ,2024-04-19,2025-07-20,United States,$139.81,10,pending,silver
1108,Liam Sharma,2025-02-22,2025-04-06,CANADA,$237.61,1,pending,gold
1081,Priya Patel,11 Mar 2024,2024-02-11,Australia,$475.06,4,shipped,bronze
1132,Arjun Clarke,2025-04-12,2024-01-16,United States,$207.94,3,shipped,silver
1083,Chloe Gupta,2024-09-19,2025-01-12,United States,$304.92,2,pending,gold
1034,Zoe Gupta,2025-07-09,2024-03-03,India,$33.30,-10,delivered,bronze
1077,Isla Smith,2025-04-23,2024-05-10,Canada,$269.39,7,shipped,silver
1003,Kabir Evans,2024/06/12,2025-03-08,India,$142.55,4,cancelled,gold
1089,Zoe Evans,2025-07-05,2025-05-10,United Kingdom,$220.61,10,cancelled,bronze
1082,Zoe Smith,2024-09-01,2024-05-09,United Kingdom,$336.38,10,pending,silver
1147,Sofia Smith,2025-07-06,2025-01-09,Canada,$253.39,5,pending,gold
1078,Maya Jones,2025-03-14,2024-05-18,United Kingdom,$94.96,5,delivered,bronze
1079,Priya Patel,2025-04-10,2024-11-30,India,$381.81,7,cancelled,silver
1018,Ruby Jones,2025-06-03,2024-07-22,United States,$190.09,3,shipped,gold
1114,Kabir Jones,2024/10/02,2025-08-13,Australia,$382.74,3,delivered,bronze
1099,Maya Khan,2024/07/17,2024-10-30,United States,$183.64,5,shipped,silver
1148,Noah Clarke,2025-05-08,2024-10-29,India,$403.10,8,shipped,gold
1035,Arjun Clarke,2025-06-27,2024-06-10,Australia,$480.59,2,pending,bronze
1014,Maya Evans,2024-02-18,2024-04-22,United States,$315.59,7,shipped,silver
1047,Oscar Gupta,2024-06-01,2025-07-12,Australia,$418.12,10,pending,gold
1123,Ruby Clarke,2024-04-26,2025-04-17,Australia,$325.62,3,delivered,bronze
1044,ISLA SINGH,2024-07-27,2024-09-27,Canada,$246.82,1,shipped,silver
1144,Ruby Clarke,2024-10-20,2024-08-23,Canada,,4,pending,gold
1028,Lucas Jones,10 Apr 2024,2024-03-03,United Kingdom,$365.47,2,pending,bronze
1061,  zoe taylor  ,2024-11-04,2025-02-19,Canada,$417.69,5,cancelled,silver
1084,Noah Nguyen,2025-08-15,2024-01-27,India,N/A,7,delivered,gold
1019,Zoe Singh,2025-05-15,2024-01-20,Australia,$464.90,5,pending,bronze
1027,Sofia Nguyen,2024-04-09,2025-03-17,India,$214.67,8,shipped,silver
1064,Maya Khan,2024-08-28,2024-11-13,United States,$404.25,3,shipped,gold
1073,Isla Patel,2024-03-06,2025-02-28,United Kingdom,$168.79,-8,delivered,bronze
1013,OSCAR TAYLOR,2025-02-12,2025-01-05,United States,$498.68,3,delivered,silver
1118,Chloe Nguyen,2024-11-18,2024-09-15,India,$62.38,7,shipped,gold
1137,Priya Evans,2024-02-27,2024-10-27,India,$190.55,3,pending,bronze
1076,Chloe Patel,2024-10-06,2025-03-22,United Kingdom,$19.37,6,delivered,silver
1036,Maya Taylor,2024-03-10,2024-08-28,U.K.,$64.34,10,pending,gold
1006,Arjun Brown,2025-01-05,2025-08-14,United States,$353.76,1,pending,bronze
1092,  chloe patel  ,2024-12-29,2024-09-21,India,$143.43,10,cancelled,silver
1117,Priya Wilson,2025-05-22,2024-10-22,United Kingdom,$407.72,9,shipped,gold
1054,Noah Khan,2024-03-12,2024-10-12,India,N/A,7,cancelled,bronze
1096,Arjun Kumar,2024-12-18,2025-03-11,Canada,$168.74,8,cancelled,silver
1136,Kabir Jones,2024-04-12,2025-03-30,United States,$348.53,1,shipped,gold
1111,Aarav Smith,2024-11-10,2025-08-05,India,$222.38,8,cancelled,bronze
1045,Lucas Wilson,2024-10-10,2024-02-15,Australia,$170.11,3,cancelled,silver
1052,Ruby Sharma,2025-04-26,2024-08-15,United States,$409.21,8,cancelled,gold
1127,Ruby Sharma,2024-10-16,2024-11-01,Canada,,8,pending,bronze
1085,Isla Patel,2024-03-18,2024-09-05,Australia,$350.11,5,shipped,silver
1042,Zoe Evans,2025-06-25,2024-01-09,Canada,$153.19,2,pending,gold
1124,Oscar Gupta,2024-10-25,2025-06-05,India,$210.67,8,delivered,bronze
1071,Lucas Patel,2024-10-08,2025-03-26,Australia,$358.20,4,cancelled,silver
1122,Isla Smith,2024-11-14,2025-07-18,Australia,$278.36,2,pending,gold
1075,Chloe Sharma,2024-12-26,2024-11-01,United Kingdom,$427.46,7,pending,bronze
1015,Ethan Wilson,2025-04-24,2025-06-25,India,$485.68,1,shipped,silver
1033,Noah Wilson,23 Jul 2025,2025-05-13,United States,$99.00,4,shipped,gold
1138,Arjun Wilson,2025-08-02,2024-07-03,United States,$91.66,10,delivered,bronze
1143,Isla Brown,2024-01-23,2025-02-09,India,$9.01,1,delivered,silver
1111,Aarav Smith,2024-11-10,2025-08-05,India,$222.38,8,cancelled,gold
1134,Ruby Jones,2025-06-30,2025-01-24,India,$315.27,8,shipped,bronze
1021,  liam jones  ,2025-05-01,2025-07-16,United States,$136.20,10,delivered,silver
1023,Oscar Kumar,2025-04-07,2024-05-03,USA,$116.23,6,shipped,gold
1017,Chloe Sharma,2024-09-26,2025-05-27,United States,$256.30,2,cancelled,bronze
1121,Oscar Brown,2025-03-24,2025-05-11,Australia,$19.29,10,pending,silver
1039,CHLOE SINGH,2024-03-15,2024-01-10,United Kingdom,$312.47,10,shipped,gold
1095,Noah Patel,2025-02-18,2024-09-06,India,$333.66,6,delivered,bronze
1065,Aarav Patel,2025-05-01,2024-03-15,United Kingdom,$210.15,10,pending,silver
1142,Ethan Khan,2025-05-09,2024-04-19,United States,$193.78,6,cancelled,gold
1109,Noah Gupta,2024-10-16,2025-04-09,AUS,$345.26,5,pending,bronze
1080,Kabir Khan,2025-03-07,2024-09-15,Australia,$237.80,9,shipped,silver
1024,Zoe Kumar,2024-08-23,2024-08-13,Australia,$40.14,1,pending,gold
1106,Ruby Taylor,2025-03-15,2024-11-08,Canada,,10,shipped,bronze
1102,Chloe Singh,07 Jul 2024,2024-02-22,India,$470.83,8,shipped,silver
1147,Sofia Smith,2025-07-06,2025-01-09,Canada,$253.39,5,pending,gold
1086,Kabir Taylor,2024-02-12,2024-12-21,Canada,$217.05,6,shipped,bronze
1105,Zoe Taylor,2024-08-19,2025-06-19,United Kingdom,$228.00,8,cancelled,silver
1058,Arjun Clarke,2025-07-05,2024-07-20,India,$218.49,6,cancelled,gold
1115,Arjun Jones,2025-03-28,2024-10-11,United States,$498.49,7,delivered,bronze
1026,Sofia Kumar,2024-05-15,2025-08-07,Canada,$238.97,8,delivered,silver
1055,Aarav Nguyen,2024/09/24,2024-07-01,Canada,$481.45,5,shipped,gold
1141,Chloe Singh,2024-11-02,2025-03-10,India,$231.13,5,pending,bronze
1029,Sofia Patel,2025-07-03,2025-04-04,United States,$213.83,5,delivered,silver
1025,Maya Clarke,2024-02-02,2024-12-04,AUS,$259.51,5,delivered,gold
1110,Ethan Nguyen,2025/07/11,2024-08-18,United States,$454.66,3,shipped,bronze
1071,Lucas Patel,2024-10-08,2025-03-26,Australia,$358.20,4,cancelled,silver
1129,Chloe Clarke,2024-11-25,2024-07-12,United States,$288.04,4,delivered,gold
1116,Maya Lee,2024-12-22,2025-02-22,India,$163.92,2,pending,bronze
