number,trigger,project,started,duration_s,status,nodes
16880,Manual,rhombus-takehome,"10/5/2026, 3:57:25 PM",6.3,Success,10 nodes
16879,Manual,rhombus-takehome,"10/5/2026, 3:52:34 PM",5.9,Success,10 nodes
16873,Manual,rhombus-takehome,"10/5/2026, 3:46:44 PM",5.6,Success,10 nodes
16869,Manual,rhombus-takehome,"10/5/2026, 3:41:46 PM",6.5,Success,10 nodes
16868,Manual,rhombus-takehome,"10/5/2026, 3:41:41 PM",4.9,Failure,9 nodes
16867,Manual,rhombus-takehome,"10/5/2026, 3:41:26 PM",3.9,Failure,8 nodes
16864,Manual,rhombus-takehome,"10/5/2026, 3:39:12 PM",2.5,Failure,2 nodes
16862,Manual,rhombus-takehome,"10/5/2026, 3:38:37 PM",5.9,Success,10 nodes
16861,Manual,rhombus-takehome,"10/5/2026, 3:38:33 PM",4.0,Failure,9 nodes
16860,Manual,rhombus-takehome,"10/5/2026, 3:38:19 PM",5.0,Failure,8 nodes
16859,Manual,rhombus-takehome,"10/5/2026, 3:35:21 PM",2.0,Failure,2 nodes
16858,Manual,rhombus-takehome,"10/5/2026, 3:31:56 PM",6.0,Success,10 nodes
16857,Manual,rhombus-takehome,"10/5/2026, 3:31:52 PM",5.0,Failure,9 nodes
16856,Manual,rhombus-takehome,"10/5/2026, 3:31:35 PM",5.4,Failure,8 nodes
16855,Manual,rhombus-takehome,"10/5/2026, 3:24:57 PM",1.6,Failure,2 nodes
16853,Manual,rhombus-takehome,"10/5/2026, 3:24:07 PM",1.7,Failure,2 nodes
16846,Manual,rhombus-takehome,"10/5/2026, 3:17:15 PM",7.0,Success,10 nodes
16845,Manual,rhombus-takehome,"10/5/2026, 3:16:29 PM",6.3,Success,10 nodes
16844,Manual,rhombus-takehome,"10/5/2026, 3:15:46 PM",6.7,Success,10 nodes
16843,Manual,rhombus-takehome,"10/5/2026, 3:15:38 PM",5.6,Failure,9 nodes
16842,Manual,rhombus-takehome,"10/5/2026, 3:15:09 PM",5.3,Failure,8 nodes
16840,Manual,rhombus-takehome,"10/5/2026, 3:05:05 PM",1.9,Failure,2 nodes
16837,Manual,rhombus-takehome,"10/5/2026, 2:55:29 PM",2.0,Failure,2 nodes
16836,Manual,rhombus-takehome,"10/5/2026, 2:49:41 PM",1.8,Failure,2 nodes
16835,Manual,rhombus-takehome,"10/5/2026, 2:49:01 PM",1.8,Failure,2 nodes
16834,Manual,rhombus-takehome,"10/5/2026, 2:47:01 PM",6.4,Success,10 nodes
16833,Manual,rhombus-takehome,"10/5/2026, 2:46:37 PM",4.3,Failure,9 nodes
16832,Manual,rhombus-takehome,"10/5/2026, 2:44:44 PM",5.5,Failure,8 nodes
16831,Manual,rhombus-takehome,"10/5/2026, 2:37:27 PM",1.8,Failure,2 nodes
16830,Manual,rhombus-takehome,"10/5/2026, 2:35:00 PM",2.0,Failure,2 nodes
16829,Manual,rhombus-takehome,"10/5/2026, 2:27:05 PM",1.8,Failure,2 nodes
16828,Manual,rhombus-takehome,"10/5/2026, 2:23:10 PM",1.8,Failure,2 nodes
16827,Manual,rhombus-takehome,"10/5/2026, 2:22:45 PM",2.0,Failure,2 nodes
16826,Manual,rhombus-takehome,"10/5/2026, 2:17:46 PM",1.8,Failure,2 nodes
16825,Manual,rhombus-takehome,"10/5/2026, 2:17:15 PM",1.6,Failure,2 nodes
16713,Manual,rhombus-takehome,"10/4/2026, 9:06:03 PM",1.9,Failure,2 nodes
16712,Manual,rhombus-takehome,"10/4/2026, 9:02:32 PM",1.8,Failure,2 nodes
16711,Manual,rhombus-takehome,"10/4/2026, 8:59:15 PM",2.0,Failure,2 nodes
16632,Manual,rhombus-takehome,"10/4/2026, 3:50:52 PM",5.5,Success,10 nodes
16628,Manual,rhombus-takehome,"10/4/2026, 3:40:25 PM",6.1,Success,10 nodes
16560,Manual,rhombus-takehome,"10/3/2026, 11:38:53 PM",4.1,Failure,3 nodes
16559,Manual,rhombus-takehome,"10/3/2026, 10:26:28 PM",7.8,Success,10 nodes
16558,Manual,rhombus-takehome,"10/3/2026, 10:25:27 PM",4.0,Failure,5 nodes
16557,Manual,rhombus-takehome,"10/3/2026, 10:06:48 PM",0.0,Success,—
16556,Manual,rhombus-takehome,"10/3/2026, 9:54:13 PM",7.6,Success,10 nodes
16555,Manual,rhombus-takehome,"10/3/2026, 8:37:07 PM",7.3,Success,10 nodes
16548,Manual,rhombus-takehome,"10/3/2026, 6:26:27 PM",6.9,Success,10 nodes
16547,Manual,rhombus-takehome,"10/3/2026, 6:17:05 PM",3.4,Failure,3 nodes
16493,Manual,rhombus-takehome,"10/3/2026, 2:00:23 PM",6.7,Success,10 nodes
16492,Manual,rhombus-takehome,"10/3/2026, 1:58:45 PM",7.9,Success,10 nodes
16491,Manual,rhombus-takehome,"10/3/2026, 1:58:27 PM",0.0,Success,—
16479,Manual,rhombus-takehome,"10/3/2026, 12:47:03 PM",4.8,Failure,6 nodes
16474,Manual,rhombus-takehome,"10/3/2026, 11:13:31 AM",3.6,Failure,3 nodes
16473,Manual,rhombus-takehome,"10/3/2026, 10:34:33 AM",4.9,Failure,5 nodes
16429,Manual,rhombus-takehome,"10/2/2026, 10:28:06 PM",6.5,Success,10 nodes
16428,Manual,rhombus-takehome,"10/2/2026, 10:27:12 PM",6.9,Success,10 nodes
16426,Manual,rhombus-takehome,"10/2/2026, 10:25:56 PM",6.9,Success,10 nodes
16419,Manual,rhombus-takehome,"10/2/2026, 9:33:52 PM",6.8,Success,10 nodes
16383,Manual,rhombus-takehome,"10/2/2026, 4:27:27 PM",5.5,Success,10 nodes
16382,Manual,rhombus-takehome,"10/2/2026, 4:25:42 PM",7.0,Success,10 nodes
16381,Manual,rhombus-takehome,"10/2/2026, 4:25:40 PM",7.0,Success,10 nodes
16380,Manual,rhombus-takehome,"10/2/2026, 4:25:33 PM",8.4,Success,10 nodes
16374,Manual,rhombus-takehome,"10/2/2026, 4:09:17 PM",4.4,Success,10 nodes
16373,Manual,rhombus-takehome,"10/2/2026, 4:09:11 PM",4.4,Success,10 nodes
16345,Manual,rhombus-takehome,"10/2/2026, 1:55:51 PM",63.0,Success,9 nodes
